"","degall","degin","degout","degtotal","bdepend","bpower","cl1","clnorm1","rch2_1","rch3_1","eigen1","btwn1","flwb1"
"Person1",1,1,1,1,-0.544331053951817,-0.231541179803722,0.0555555555555556,0.388888888888889,0.5,0.875,0.189530730011172,0,0
"Person2",2,2,2,2,-0.544331053951818,-0.694623539411166,0.0588235294117647,0.411764705882353,0.5,0.875,0.424082363704683,0,2
"Person3",3,3,3,3,1.63299316185545,-0.84898432594698,0.0833333333333333,0.583333333333333,0.875,1,0.594999584509194,6,14
"Person4",3,3,3,3,-6.04328869115787e-17,-1.0805255057507,0.0833333333333333,0.583333333333333,0.875,1,0.678369560064447,1,12
"Person5",5,5,5,5,-1.08866210790364,-1.54360786535815,0.111111111111111,0.777777777777778,1,1,1,13,40
"Person6",3,3,3,3,1.08866210790364,-1.0805255057507,0.0833333333333333,0.583333333333333,0.875,1,0.665667330535499,2.5,20
"Person7",3,3,3,3,1.08866210790363,-1.0805255057507,0.0833333333333333,0.583333333333333,0.875,1,0.665667330535499,2.5,10
"Person8",2,2,2,2,1.08866210790364,-0.926164719214888,0.0714285714285714,0.5,0.75,1,0.534626605176444,0,2
